Pclass,Sex,Age,SibSp,Parch,Fare,Embarked,Initial,Age_band,Family_Size,Alone,Fare_cat,Deck,Title,Is_Married,Survived
2,1,24.0,0,2,14.5,0,1,1,2,0,2,7,12,1,1
3,1,27.0,0,1,12.475,0,1,1,1,0,1,4,12,1,1
3,0,19.0,0,0,7.8958,0,0,1,0,1,0,7,11,0,0
2,0,25.0,0,0,13.0,0,0,1,0,1,1,7,11,0,0
2,1,24.0,0,0,13.0,0,2,1,0,1,1,7,8,0,0
3,0,9.0,5,2,46.9,0,3,0,7,0,3,7,7,0,0
3,0,16.0,1,3,34.375,0,0,0,4,0,3,7,11,0,0
1,1,19.0,0,2,26.2833,0,2,1,2,0,2,3,8,0,1
3,0,30.0,1,0,16.1,0,0,1,1,0,2,7,11,0,0
1,1,33.0,1,0,53.1,0,1,2,1,0,3,4,12,1,1
3,1,16.0,0,0,7.75,2,2,0,0,1,0,7,8,0,1
2,0,27.0,0,0,26.0,0,0,1,0,1,2,7,11,0,0
2,0,0.83,0,2,29.0,0,3,0,2,0,2,7,7,0,1
3,1,18.0,0,0,6.75,2,2,1,0,1,0,7,8,0,0
3,0,33.0,2,0,21.6792,1,0,2,2,0,2,7,11,0,0
1,1,35.0,1,0,53.1,0,1,2,1,0,3,2,12,1,1
1,0,49.0,1,0,89.1042,1,0,3,1,0,3,2,11,0,1
2,1,17.0,0,0,10.5,0,2,1,0,1,1,7,8,0,1
3,0,24.0,0,0,7.4958,0,0,1,0,1,0,7,11,0,0
1,0,33.0,0,0,0.0,0,0,2,0,1,0,7,11,0,0
3,0,61.0,0,0,6.2375,0,0,3,0,1,0,7,11,0,0
3,1,21.0,0,0,7.75,2,2,1,0,1,0,7,8,0,0
3,0,7.0,4,1,39.6875,0,3,0,5,0,3,7,7,0,0
2,0,25.0,0,0,13.0,0,0,1,0,1,1,7,11,0,0
3,1,6.0,4,2,31.275,0,2,0,6,0,3,7,8,0,0
3,1,28.0,0,0,7.8958,0,2,1,0,1,0,7,8,0,0
3,0,25.0,1,0,7.775,0,0,1,1,0,0,7,11,0,1
3,0,33.0,0,0,8.05,0,0,2,0,1,1,7,11,0,0
2,1,22.0,1,2,41.5792,1,1,1,3,0,3,7,12,1,1
2,1,27.0,1,0,13.8583,1,2,1,1,0,1,7,8,0,1
2,1,41.0,0,1,19.5,0,1,2,1,0,2,7,12,1,1
3,0,34.5,0,0,6.4375,1,0,2,0,1,0,7,11,0,0
2,1,33.0,0,2,26.0,0,1,2,2,0,2,7,12,1,1
1,1,35.0,1,0,83.475,0,1,2,1,0,3,2,12,1,1
2,0,42.0,0,0,13.0,0,0,2,0,1,1,7,11,0,1
3,1,22.0,0,0,7.6292,2,2,1,0,1,0,7,8,0,0
1,0,36.0,0,1,512.3292,1,0,2,1,0,3,1,11,0,1
3,0,55.5,0,0,8.05,0,0,3,0,1,1,7,11,0,0
3,0,38.0,0,0,7.05,0,0,2,0,1,0,7,11,0,0
3,0,19.0,0,0,7.8958,0,0,1,0,1,0,7,11,0,0
3,0,29.0,0,0,9.5,0,0,1,0,1,1,7,11,0,1
1,1,50.0,0,0,28.7125,1,2,3,0,1,2,2,8,0,0
3,0,20.0,0,0,7.05,0,0,1,0,1,0,7,11,0,0
1,1,35.0,0,0,135.6333,0,2,2,0,1,3,2,8,0,1
3,0,32.0,0,0,56.4958,0,0,1,0,1,3,7,11,0,1
3,0,23.0,0,0,7.8958,0,0,1,0,1,0,7,11,0,0
3,0,27.0,0,0,7.8958,0,0,1,0,1,0,7,11,0,0
1,1,18.0,0,2,79.65,0,2,1,2,0,3,4,8,0,1
3,0,33.0,1,0,15.5,2,0,2,1,0,2,7,11,0,0
3,1,40.0,1,0,9.475,0,1,2,1,0,1,7,12,1,0
1,0,54.0,0,1,77.2875,0,0,3,1,0,3,3,11,0,0
2,0,33.0,0,0,13.0,0,0,2,0,1,1,7,11,0,1
3,0,25.0,0,0,7.05,0,0,1,0,1,0,7,11,0,0
1,0,56.0,0,0,30.6958,1,0,3,0,1,2,0,11,0,0
3,0,19.0,0,0,6.75,2,0,1,0,1,0,7,11,0,0
3,1,25.0,1,0,7.925,0,2,1,1,0,1,7,8,0,0
3,0,24.0,0,0,7.8958,0,0,1,0,1,0,7,11,0,0
3,0,21.0,0,0,8.6625,0,0,1,0,1,1,7,11,0,0
2,1,29.0,1,0,26.0,0,1,1,1,0,2,7,12,1,1
3,1,15.0,0,0,8.0292,2,2,0,0,1,1,7,8,0,1
3,0,3.0,1,1,15.9,0,3,0,2,0,2,7,7,0,1
1,0,36.0,1,2,120.0,0,0,2,3,0,3,1,11,0,1
3,0,17.0,1,1,7.2292,1,0,1,2,0,0,7,11,0,0
3,0,4.0,1,1,11.1333,0,3,0,2,0,1,7,7,0,1
3,0,33.0,0,0,7.75,2,0,2,0,1,0,7,11,0,0
3,0,32.0,0,0,8.3625,0,0,1,0,1,1,7,11,0,0
2,1,34.0,0,0,13.0,0,2,2,0,1,1,7,8,0,1
2,1,50.0,0,1,26.0,0,1,3,1,0,2,7,12,1,1
2,1,22.0,0,0,33.0,0,2,1,0,1,3,7,8,0,1
1,0,19.0,3,2,263.0,0,0,1,5,0,3,2,11,0,0
3,0,33.0,0,0,7.8958,0,0,2,0,1,0,7,11,0,0
3,0,33.0,0,0,56.4958,0,0,2,0,1,3,7,11,0,1
3,0,29.0,0,0,7.8958,1,0,1,0,1,0,7,11,0,1
3,0,33.0,0,0,7.8958,1,0,2,0,1,0,7,11,0,0
1,1,62.0,0,0,80.0,0,1,3,0,1,3,1,12,1,1
3,1,20.0,1,0,9.825,0,2,1,1,0,1,7,8,0,0
1,0,50.0,1,0,106.425,1,0,3,1,0,3,2,11,0,0
3,0,28.0,0,0,7.8958,0,0,1,0,1,0,7,11,0,0
3,1,21.0,2,2,34.375,0,2,1,4,0,3,7,8,0,0
3,1,36.0,0,0,8.05,0,1,2,0,1,1,7,12,1,0
3,0,17.0,0,0,7.125,0,0,1,0,1,0,7,11,0,0
1,0,54.0,0,0,51.8625,0,0,3,0,1,3,4,11,0,0
3,0,2.0,3,1,21.075,0,3,0,4,0,2,7,7,0,0
2,0,54.0,0,0,14.0,0,0,3,0,1,1,7,3,0,0
3,0,26.0,0,0,56.4958,0,0,1,0,1,3,7,11,0,1
3,1,22.0,8,2,69.55,0,2,1,10,0,3,7,8,0,0
3,1,9.0,4,2,31.275,0,2,0,6,0,3,7,8,0,0
1,1,17.0,1,0,57.0,0,1,1,1,0,3,1,12,1,1
3,0,23.0,0,0,9.225,0,0,1,0,1,1,7,11,0,0
3,0,33.0,1,0,19.9667,0,0,2,1,0,2,7,11,0,0
1,1,14.0,1,2,120.0,0,2,0,3,0,3,1,8,0,1
3,1,45.0,0,1,14.4542,1,1,2,1,0,2,7,12,1,0
3,1,3.0,3,1,21.075,0,2,0,4,0,2,7,8,0,0
3,1,36.0,0,0,7.2292,1,1,2,0,1,0,7,12,1,1
1,1,54.0,1,0,59.4,1,1,3,1,0,3,7,12,1,1
2,0,30.0,0,0,13.0,0,0,1,0,1,1,7,11,0,0
3,1,2.0,4,2,31.275,0,2,0,6,0,3,7,8,0,0
3,0,33.0,0,0,7.225,1,0,2,0,1,0,7,11,0,0
3,0,33.0,0,0,14.4583,1,0,2,0,1,2,7,11,0,0
3,0,42.0,0,0,7.65,0,0,2,0,1,0,5,11,0,0
3,0,36.0,1,1,24.15,0,0,2,2,0,2,7,11,0,0
3,1,22.0,1,2,23.45,0,2,1,3,0,2,7,8,0,0
3,0,26.0,0,0,8.05,0,0,1,0,1,1,7,11,0,0
1,0,25.0,1,0,55.4417,1,0,1,1,0,3,4,11,0,1
3,0,28.5,0,0,7.2292,1,0,1,0,1,0,7,11,0,0
2,0,8.0,1,1,36.75,0,3,0,2,0,3,7,7,0,1
3,0,33.0,0,0,8.05,0,0,2,0,1,1,7,11,0,0
3,0,17.0,1,0,7.0542,0,0,1,1,0,0,7,11,0,0
1,0,42.0,0,0,26.2875,0,0,2,0,1,2,4,11,0,1
1,1,53.0,2,0,51.4792,0,1,3,2,0,3,2,12,1,1
1,1,22.0,0,1,55.0,0,2,1,1,0,3,4,8,0,1
2,0,34.0,1,0,21.0,0,0,2,1,0,2,7,11,0,0
3,0,16.0,1,1,20.25,0,0,0,2,0,2,7,11,0,0
1,1,39.0,1,1,110.8833,1,1,2,2,0,3,2,12,1,1
3,0,45.0,0,0,6.975,0,0,2,0,1,0,7,11,0,0
3,0,25.0,0,0,0.0,0,0,1,0,1,0,7,11,0,1
1,1,51.0,1,0,77.9583,0,1,3,1,0,3,3,12,1,1
1,0,61.0,0,0,32.3208,0,0,3,0,1,3,3,11,0,0
3,0,33.0,0,0,7.75,2,0,2,0,1,0,7,11,0,1
3,0,33.0,0,0,7.8958,0,0,2,0,1,0,7,11,0,0
3,1,30.0,1,1,24.15,0,1,1,2,0,2,7,12,1,0
2,1,40.0,1,1,39.0,0,1,2,2,0,3,7,12,1,1
1,0,40.0,0,0,27.7208,1,0,2,0,1,2,7,2,0,0
3,1,22.0,0,0,7.75,2,2,1,0,1,0,7,8,0,1
3,0,34.0,0,0,8.05,0,0,2,0,1,1,7,11,0,0
2,1,55.0,0,0,16.0,0,1,3,0,1,2,7,12,1,1
1,0,45.0,0,0,26.55,0,0,2,0,1,2,1,6,0,0
1,0,33.0,0,0,42.4,0,0,2,0,1,3,7,11,0,0
1,0,64.0,1,4,263.0,0,0,3,5,0,3,2,11,0,0
3,0,33.0,0,0,7.775,0,0,2,0,1,0,7,11,0,0
1,0,70.0,1,1,71.0,0,0,4,2,0,3,1,0,0,0
1,0,33.0,0,0,27.7208,1,0,2,0,1,2,7,11,0,0
1,1,17.0,1,0,108.9,1,1,1,1,0,3,2,12,1,1
2,0,52.0,0,0,13.0,0,0,3,0,1,1,7,11,0,0
1,1,63.0,1,0,77.9583,0,2,3,1,0,3,3,8,0,1
1,0,50.0,2,0,133.65,0,0,3,2,0,3,7,3,0,1
3,0,22.0,0,0,8.05,0,0,1,0,1,1,7,11,0,0
2,0,44.0,1,0,26.0,0,0,2,1,0,2,7,11,0,0
3,1,41.0,0,5,39.6875,0,1,2,5,0,3,7,12,1,0
3,0,74.0,0,0,7.775,0,0,4,0,1,0,7,11,0,0
3,0,28.0,0,0,22.525,0,0,1,0,1,2,7,11,0,0
3,0,12.0,1,0,11.2417,1,3,0,1,0,1,7,7,0,1
1,0,35.0,0,0,26.2875,0,0,2,0,1,2,4,11,0,1
2,1,34.0,0,0,10.5,0,1,2,0,1,1,5,12,1,1
2,0,37.0,1,0,26.0,0,0,2,1,0,2,7,11,0,0
2,1,35.0,0,0,21.0,0,2,2,0,1,2,7,8,0,1
3,0,33.0,0,0,7.775,0,0,2,0,1,0,7,11,0,1
3,1,22.0,0,0,7.75,2,2,1,0,1,0,7,8,0,1
3,0,25.0,0,0,7.7417,2,0,1,0,1,0,7,11,0,0
3,0,33.0,0,0,7.05,0,0,2,0,1,0,7,11,0,0
3,0,21.0,0,0,7.925,0,0,1,0,1,1,7,11,0,0
2,0,33.0,0,0,0.0,0,0,2,0,1,0,7,11,0,0
2,0,30.0,0,0,13.0,0,0,1,0,1,1,7,11,0,0
2,0,39.0,0,0,13.0,0,0,2,0,1,1,7,11,0,0
3,0,30.0,0,0,7.25,0,0,1,0,1,0,7,11,0,0
3,0,28.0,1,0,15.85,0,0,1,1,0,2,7,11,0,0
3,1,22.0,0,0,7.75,2,2,1,0,1,0,7,8,0,1
3,0,40.0,0,0,7.8958,0,0,2,0,1,0,7,11,0,0
3,0,33.0,1,2,23.45,0,0,2,3,0,2,7,11,0,0
3,1,9.0,1,1,15.2458,1,2,0,2,0,2,7,8,0,0
3,1,31.0,1,0,18.0,0,1,1,1,0,2,7,12,1,0
2,0,0.67,1,1,14.5,0,3,0,2,0,2,7,7,0,1
1,0,50.0,1,0,55.9,0,0,3,1,0,3,4,11,0,0
1,1,29.0,0,0,211.3375,0,2,1,0,1,3,1,8,0,1
1,0,38.0,0,1,153.4625,0,0,2,1,0,3,2,11,0,0
3,0,30.0,0,0,7.2292,1,0,1,0,1,0,7,11,0,0
3,0,26.0,0,0,7.8958,0,0,1,0,1,0,7,11,0,0
3,1,45.0,1,4,27.9,0,1,2,5,0,2,7,12,1,0
3,0,33.0,0,0,7.75,2,0,2,0,1,0,7,11,0,0
3,0,20.0,0,0,9.8458,0,0,1,0,1,1,7,11,0,0
3,0,33.0,2,0,23.25,2,0,2,2,0,2,7,11,0,1
1,1,39.0,1,1,79.65,0,1,2,2,0,3,4,12,1,1
3,1,1.0,1,1,11.1333,0,2,0,2,0,1,7,8,0,1
1,0,38.0,1,0,90.0,0,0,2,1,0,3,2,11,0,1
3,0,33.0,0,0,7.7375,2,0,2,0,1,0,7,11,0,0
3,0,21.0,0,0,7.8542,0,0,1,0,1,0,7,11,0,0
1,0,56.0,0,0,26.55,0,0,3,0,1,2,7,11,0,0
3,0,24.5,0,0,8.05,0,0,1,0,1,1,7,11,0,0
3,0,43.0,0,0,8.05,0,0,2,0,1,1,7,11,0,0
3,0,16.0,4,1,39.6875,0,0,0,5,0,3,7,11,0,0
2,0,54.0,0,0,26.0,0,0,3,0,1,2,7,11,0,0
2,1,45.0,0,0,13.5,0,1,2,0,1,1,7,12,1,1
3,1,47.0,1,0,14.5,0,1,2,1,0,2,7,12,1,0
1,0,33.0,0,0,0.0,0,0,2,0,1,0,1,11,0,0
2,0,23.0,0,0,15.0458,1,0,1,0,1,2,7,11,0,0
3,0,27.0,0,0,7.7958,0,0,1,0,1,0,7,11,0,1
2,0,30.0,1,0,24.0,1,0,1,1,0,2,7,11,0,0
1,1,35.0,0,0,512.3292,1,2,2,0,1,3,7,8,0,1
2,0,19.0,0,0,13.0,0,0,1,0,1,1,7,11,0,0
3,0,33.0,1,0,7.75,2,0,2,1,0,0,7,11,0,0
2,0,28.0,0,0,13.0,0,0,1,0,1,1,7,11,0,0
1,0,48.0,1,0,52.0,0,0,2,1,0,3,2,11,0,1
3,1,36.0,0,2,15.2458,1,1,2,2,0,2,7,12,1,0
2,1,24.0,2,1,27.0,0,1,1,3,0,2,7,12,1,1
2,0,25.0,1,2,41.5792,1,0,1,3,0,3,7,11,0,0
2,1,4.0,2,1,39.0,0,2,0,3,0,3,5,8,0,1
3,0,20.0,0,0,4.0125,1,0,1,0,1,0,7,11,0,0
3,0,45.0,0,0,8.05,0,0,2,0,1,1,7,11,0,1
3,0,33.0,0,0,7.55,0,0,2,0,1,0,7,11,0,0
3,0,18.0,1,0,6.4958,0,0,1,1,0,0,7,11,0,0
3,0,33.0,0,0,7.225,1,0,2,0,1,0,7,11,0,0
1,1,30.0,0,0,93.5,0,2,1,0,1,3,1,8,0,1
1,0,51.0,0,1,61.3792,1,0,3,1,0,3,7,11,0,0
3,0,20.0,0,0,9.5,0,0,1,0,1,1,7,11,0,0
1,1,15.0,0,1,211.3375,0,2,0,1,0,3,1,8,0,1
3,0,19.0,0,0,8.05,0,0,1,0,1,1,7,11,0,1
3,1,22.0,0,0,9.8375,0,2,1,0,1,1,7,8,0,0
2,0,21.0,1,0,11.5,0,0,1,1,0,1,7,11,0,0
2,0,28.0,0,0,13.5,0,0,1,0,1,1,7,11,0,0
3,0,33.0,0,0,7.8958,0,0,2,0,1,0,7,11,0,0
3,0,40.0,1,4,27.9,0,0,2,5,0,2,7,11,0,0
3,0,33.0,0,0,7.2292,1,0,2,0,1,0,7,11,0,0
2,0,60.0,1,1,39.0,0,0,3,2,0,3,7,11,0,0
2,0,34.0,1,0,26.0,0,0,2,1,0,2,7,11,0,0
2,0,30.0,0,0,10.5,0,0,1,0,1,1,7,11,0,0
3,0,26.0,1,0,7.8542,0,0,1,1,0,0,7,11,0,0
3,0,25.0,0,0,7.25,0,0,1,0,1,0,7,11,0,0
1,1,36.0,0,1,55.0,0,1,2,1,0,3,4,12,1,1
3,0,33.0,0,0,6.95,2,0,2,0,1,0,7,11,0,0
1,0,71.0,0,0,49.5042,1,0,4,0,1,3,7,11,0,0
1,0,33.0,0,0,27.7208,1,0,2,0,1,2,7,11,0,0
1,0,28.0,0,0,35.5,0,0,1,0,1,3,0,11,0,1
3,0,33.0,0,0,7.8958,0,0,2,0,1,0,7,11,0,0
3,1,31.0,0,0,8.6833,0,1,1,0,1,1,7,12,1,1
1,0,44.0,2,0,90.0,2,0,2,2,0,3,2,3,0,0
3,1,22.0,0,0,10.5167,0,2,1,0,1,1,7,8,0,0
3,0,16.0,0,0,9.2167,0,0,0,0,1,1,7,11,0,0
1,0,11.0,1,2,120.0,0,3,0,3,0,3,1,7,0,1
1,0,30.0,0,0,27.75,1,0,1,0,1,2,2,11,0,0
1,1,18.0,1,0,227.525,1,1,1,1,0,3,2,12,1,1
1,0,52.0,1,1,79.65,0,0,3,2,0,3,4,11,0,0
1,0,0.92,1,2,151.55,0,3,0,3,0,3,2,7,0,1
2,0,36.0,0,0,13.0,0,0,2,0,1,1,7,11,0,0
1,1,35.0,1,0,52.0,0,1,2,1,0,3,7,12,1,1
2,1,14.0,1,0,30.0708,1,1,0,1,0,2,7,12,1,1
3,1,4.0,1,1,16.7,0,2,0,2,0,2,6,8,0,1
3,1,30.0,0,0,12.475,0,2,1,0,1,1,7,8,0,1
3,1,29.0,0,4,21.075,0,1,1,4,0,2,7,12,1,0
1,0,33.0,0,0,29.7,1,0,2,0,1,2,2,11,0,1
1,0,24.0,0,1,247.5208,1,0,1,1,0,3,1,11,0,0
3,0,33.0,0,0,7.75,2,0,2,0,1,0,5,11,0,0
2,0,24.0,0,0,10.5,0,0,1,0,1,1,7,11,0,0
3,1,22.0,0,2,7.75,2,2,1,2,0,0,7,8,0,0
3,0,18.0,0,0,8.05,0,0,1,0,1,1,7,11,0,1
3,0,33.0,0,0,6.8583,2,0,2,0,1,0,7,11,0,0
2,0,66.0,0,0,10.5,0,0,4,0,1,1,7,11,0,0
3,0,33.0,0,0,7.75,2,0,2,0,1,0,7,11,0,0
3,0,33.0,0,0,7.775,0,0,2,0,1,0,7,11,0,0
3,1,18.0,1,0,17.8,0,1,1,1,0,2,7,12,1,0
3,1,38.0,1,5,31.3875,0,1,2,6,0,3,7,12,1,1
3,0,33.0,0,0,7.3125,0,0,2,0,1,0,7,11,0,0
1,1,50.0,0,1,247.5208,1,1,3,1,0,3,1,12,1,1
3,0,33.0,0,0,7.8958,1,0,2,0,1,0,7,11,0,0
2,1,27.0,0,0,10.5,0,2,1,0,1,1,4,8,0,1
1,0,31.0,1,0,52.0,0,0,1,1,0,3,1,11,0,0
2,0,18.0,0,0,11.5,0,0,1,0,1,1,7,11,0,0
1,0,36.0,0,0,26.2875,0,0,2,0,1,2,4,11,0,1
2,0,23.0,0,0,13.0,0,0,1,0,1,1,7,11,0,0
2,0,62.0,0,0,10.5,0,0,3,0,1,1,7,11,0,1
3,0,22.0,0,0,8.05,0,0,1,0,1,1,7,11,0,0
3,0,21.0,0,0,7.7333,2,0,1,0,1,0,7,11,0,0
2,0,33.0,0,0,0.0,0,0,2,0,1,0,7,11,0,0
3,0,22.0,0,0,7.8958,0,0,1,0,1,0,7,11,0,0
3,1,39.0,1,5,31.275,0,1,2,6,0,3,7,12,1,0
3,0,10.0,3,2,27.9,0,3,0,5,0,2,7,7,0,0
3,0,33.0,0,0,7.8292,2,0,2,0,1,0,7,11,0,0
2,0,33.0,0,0,0.0,0,0,2,0,1,0,7,11,0,0
2,1,25.0,1,1,30.0,0,2,1,2,0,2,7,8,0,1
